{"cameraMode":{"drawMode":0,"name":"Shaded","section":"Shading Mode"},"sceneLighting":false,"audioPlay":false,"sceneViewState":{"m_AlwaysRefresh":false,"showFog":true,"showSkybox":false,"showFlares":true,"showImageEffects":true,"showParticleSystems":true,"showVisualEffectGraphs":true,"m_FxEnabled":true},"in2DMode":false,"pivot":{"x":-0.09564507007598877,"y":-0.11855113506317139,"z":5.428683757781982},"rotation":{"x":0.15066567063331605,"y":0.764492392539978,"z":-0.19317255914211274,"w":0.5962697863578796},"size":0.7316756248474121,"orthographic":false}