{"cameraMode":{"drawMode":0,"name":"Shaded","section":"Shading Mode"},"sceneLighting":false,"audioPlay":false,"sceneViewState":{"m_AlwaysRefresh":false,"showFog":true,"showSkybox":false,"showFlares":true,"showImageEffects":true,"showParticleSystems":true,"showVisualEffectGraphs":true,"m_FxEnabled":true},"in2DMode":false,"pivot":{"x":-8.695053100585938,"y":12.217702865600586,"z":18.02656364440918},"rotation":{"x":0.05976163223385811,"y":-0.8727147579193115,"z":0.47178372740745547,"w":0.11054808646440506},"size":0.6474938988685608,"orthographic":false}